posting_id,source,company,title,job_categories,career_min,career_max,newcomer,education,location,tech_stacks,published_at,closed_at,status,first_collected,last_seen,content_hash,char_count,included,exclude_reason,raw_path,url
54879969,jumpit,콜로세움코퍼레이션,Backend Engineer(5년 이상),서버/백엔드 개발자,5,12,N,,,,,2026-10-03,진행 중,2026-09-30,2026-09-30,,,N,경력 범위 밖 (최소 5년),,https://jumpit.saramin.co.kr/position/54879969
54895343,jumpit,인공지능팩토리,Builder / Forward Deployed Engineer (FDE) 채용,서버/백엔드 개발자,3,5,N,대학교졸업(4년) 이상,서울 중구 세종대로18길16 우성빌딩,"AWS CodeDeploy, Docker, GitHub, Kafka, Kubernetes, NGINX, PostgreSQL, Python, Redis, DB",2026-09-01,2026-09-30,진행 중,2026-09-30,2026-09-30,20b139f23afce902,3059,Y,,data/raw/2026-09-30/54895343.json,https://jumpit.saramin.co.kr/position/54895343
54896994,jumpit,오프리메드,백엔드 개발자 (사원~과장),서버/백엔드 개발자,5,10,N,,,,,2026-09-30,진행 중,2026-09-30,2026-09-30,,,N,경력 범위 밖 (최소 5년),,https://jumpit.saramin.co.kr/position/54896994
54897052,jumpit,베스텔라랩,백엔드·인프라 풀스택 엔지니어,"웹 풀스택 개발자,devops/시스템 엔지니어,서버/백엔드 개발자",2,10,N,"대학졸업(2,3년) 이상","경기 성남시 분당구 판교로289번길20, 2동 8층 경기스타트업캠퍼스 2호","Angular 2, Git, React, Spring Boot, Vue.js, REST API, AWS, NoSql, SQL, Network",2026-09-01,2026-09-30,진행 중,2026-09-30,2026-09-30,3d8082f9f6254887,1183,Y,,data/raw/2026-09-30/54897052.json,https://jumpit.saramin.co.kr/position/54897052
54901444,jumpit,콴텍,로보어드바이저 IRP 시스템 개발/운영,"웹 풀스택 개발자,devops/시스템 엔지니어",3,20,N,"대학졸업(2,3년) 이상","서울 영등포구 은행로11, 7층","GitLab, Java, Jenkins, Jira, MariaDB, React, Spring Batch, Spring Boot",2026-09-02,2026-10-01,진행 중,2026-09-30,2026-09-30,9bf8f711ac34621b,885,Y,,data/raw/2026-09-30/54901444.json,https://jumpit.saramin.co.kr/position/54901444
54901904,jumpit,송암시스콤,프론트엔드개발자 경력,프론트엔드 개발자,3,15,N,고등학교졸업 이상,전남광주 나주시 상야2길22,"Bootstrap, jQuery, JSTL, MariaDB, Node.js, Oracle, Spring, JSP",2026-09-02,2026-10-01,진행 중,2026-09-30,2026-09-30,2418dea267c5c7e2,1018,Y,,data/raw/2026-09-30/54901904.json,https://jumpit.saramin.co.kr/position/54901904
54901935,jumpit,송암시스콤,Java 기반 백엔드/서버개발자 경력,서버/백엔드 개발자,5,15,N,,,,,2026-10-01,진행 중,2026-09-30,2026-09-30,,,N,경력 범위 밖 (최소 5년),,https://jumpit.saramin.co.kr/position/54901935
54901969,jumpit,옵토전자,연구소 회로설계 채용,서버/백엔드 개발자,3,15,N,대학교졸업(4년) 이상,경기 시흥시 공단1대로260번길123,"Python, MCU",2026-09-01,2026-09-30,진행 중,2026-09-30,2026-09-30,b111e6ab555ed47e,1199,Y,,data/raw/2026-09-30/54901969.json,https://jumpit.saramin.co.kr/position/54901969
54901976,jumpit,옵토전자,연구소 기구설계 채용,서버/백엔드 개발자,3,15,N,대학교졸업(4년) 이상,경기 시흥시 공단1대로260번길123,"Python, Solidworks",2026-09-01,2026-09-30,진행 중,2026-09-30,2026-09-30,120104e56cd0fa81,1234,Y,,data/raw/2026-09-30/54901976.json,https://jumpit.saramin.co.kr/position/54901976
54901988,jumpit,옵토전자,기술연구소 대졸 신입 채용(광학설계),서버/백엔드 개발자,3,15,N,석사졸업 이상,경기 시흥시 공단1대로260번길123,Python,2026-09-01,2026-09-30,진행 중,2026-09-30,2026-09-30,14a909c3e2418bfa,1241,Y,,data/raw/2026-09-30/54901988.json,https://jumpit.saramin.co.kr/position/54901988
54907748,jumpit,코보시스,서버 개발자,서버/백엔드 개발자,3,15,N,대학교졸업(4년) 이상,"서울 송파구 송파대로201, 비동 1722호,1723호,1724호","Bootstrap, Flutter, Java, Linux, MySQL, Oracle, REST API, JSP, Mybatis",2026-09-01,2026-09-30,진행 중,2026-09-30,2026-09-30,49ef3d1761f42277,1228,Y,,data/raw/2026-09-30/54907748.json,https://jumpit.saramin.co.kr/position/54907748
54908146,jumpit,스콥정보통신,시스템 개발자 채용,"SW/솔루션,devops/시스템 엔지니어,서버/백엔드 개발자",3,15,N,무관,서울 서초구 반포대로10길24,"C++, Go, Kubernetes, LDAP, Linux, Python, Rust, Vault, Network",2026-09-01,2026-09-30,진행 중,2026-09-30,2026-09-30,61a29c1e1ecf84ca,1555,Y,,data/raw/2026-09-30/54908146.json,https://jumpit.saramin.co.kr/position/54908146
54908188,jumpit,제네시스네스트,Java 백엔드 개발자 [경력 1~8년],서버/백엔드 개발자,1,8,N,대학교졸업(4년) 이상,"경기 용인시 수지구 신수로767, A동 1001호","Java, Linux, MySQL, Oracle, PostgreSQL, Spring, Spring Framework, REST API, Solidity, Blockchain",2026-09-01,2026-09-30,진행 중,2026-09-30,2026-09-30,07d90f4aab2113fd,2140,Y,,data/raw/2026-09-30/54908188.json,https://jumpit.saramin.co.kr/position/54908188
54910781,jumpit,26도라인,node.js 개발자 경력직 채용,서버/백엔드 개발자,1,6,N,대학교졸업(4년) 이상,"경기 광주시 태봉로163-8, 2108동 2003호","Node.js, REST API, AWS",2026-09-04,2026-10-03,진행 중,2026-09-30,2026-09-30,890619976a5e070e,247,Y,,data/raw/2026-09-30/54910781.json,https://jumpit.saramin.co.kr/position/54910781
54910799,jumpit,26도라인,PHP 개발자 경력직 채용,서버/백엔드 개발자,1,6,N,대학교졸업(4년) 이상,"경기 광주시 태봉로163-8, 2108동 2003호","JavaScript, Node.js, PHP",2026-09-04,2026-10-03,진행 중,2026-09-30,2026-09-30,b01d570eb7d8a981,266,Y,,data/raw/2026-09-30/54910799.json,https://jumpit.saramin.co.kr/position/54910799
54910860,jumpit,26도라인,서버 개발자 경력직 채용,서버/백엔드 개발자,1,5,N,대학교졸업(4년) 이상,"경기 광주시 태봉로163-8, 2108동 2003호","Docker, GitHub, GraphQL, Kubernetes, AWS, AZURE, Golang",2026-09-04,2026-10-03,진행 중,2026-09-30,2026-09-30,5a5644bcf780a36a,185,Y,,data/raw/2026-09-30/54910860.json,https://jumpit.saramin.co.kr/position/54910860
54910914,jumpit,26도라인,풀스택 AI 엔지니어 채용,"웹 풀스택 개발자,인공지능/머신러닝,SW/솔루션",5,10,N,,,,,2026-10-03,진행 중,2026-09-30,2026-09-30,,,N,경력 범위 밖 (최소 5년),,https://jumpit.saramin.co.kr/position/54910914
54912041,jumpit,알티앤씨(주),백엔드 개발자(리더급),서버/백엔드 개발자,10,15,N,,,,,2026-10-10,진행 중,2026-09-30,2026-09-30,,,N,경력 범위 밖 (최소 10년),,https://jumpit.saramin.co.kr/position/54912041
54912411,jumpit,씨메스,Backend (Python) 개발자,서버/백엔드 개발자,3,10,N,대학교졸업(4년) 이상,"서울 강남구 도산대로318, 7층 1, 2호, 8층 1,2호","C++, JavaScript, Python, React, FastAPI",2026-09-01,2026-09-30,진행 중,2026-09-30,2026-09-30,ce233b727681b7fc,1242,Y,,data/raw/2026-09-30/54912411.json,https://jumpit.saramin.co.kr/position/54912411
54912438,jumpit,씨메스,Frontend 개발자,서버/백엔드 개발자,3,5,N,대학교졸업(4년) 이상,"서울 강남구 도산대로318, 7층 1, 2호, 8층 1,2호","Next.js, Python, React, TypeScript",2026-09-01,2026-09-30,진행 중,2026-09-30,2026-09-30,bc7c524f5191696a,1014,Y,,data/raw/2026-09-30/54912438.json,https://jumpit.saramin.co.kr/position/54912438
54912864,jumpit,에너닷,[에너지IT기업] ESS-EMS 개발자,프론트엔드 개발자,1,3,N,무관,"서울 강남구 테헤란로44길8, 14층","Git, GraphQL, MySQL, PostgreSQL, Redis, TypeScript, SCADA",2026-09-18,2026-10-17,진행 중,2026-09-30,2026-09-30,0ce793495c741f73,1583,Y,,data/raw/2026-09-30/54912864.json,https://jumpit.saramin.co.kr/position/54912864
54922167,jumpit,나무기술,NCC-DaaS 솔루션 개발자,서버/백엔드 개발자,5,20,N,,,,,2026-10-01,진행 중,2026-09-30,2026-09-30,,,N,경력 범위 밖 (최소 5년),,https://jumpit.saramin.co.kr/position/54922167
54924502,jumpit,뷰리드 강남오피스,백엔드 개발자 채용,서버/백엔드 개발자,3,20,N,무관,서울 강남구 테헤란로10길18 하나빌딩 8층,"Amazon EC2, Amazon RDS, Amazon S3, Laravel, PHP, REST API, AWS, AI/인공지능",2026-09-03,2026-10-02,진행 중,2026-09-30,2026-09-30,752b1b2391df53b2,1478,Y,,data/raw/2026-09-30/54924502.json,https://jumpit.saramin.co.kr/position/54924502
54927179,jumpit,연호엔지니어링,시니어 Python 백엔드 개발자,서버/백엔드 개발자,5,11,N,,,,,2026-10-02,진행 중,2026-09-30,2026-09-30,,,N,경력 범위 밖 (최소 5년),,https://jumpit.saramin.co.kr/position/54927179
54927385,jumpit,이비즈테크,시스템 사업부 엔지니어 신입,"기술지원,devops/시스템 엔지니어,서버/백엔드 개발자",0,0,Y,"대학졸업(2,3년) 이상","서울 마포구 성암로189, 802, 804호","Linux, Windows, AZURE, vmware",2026-09-09,2026-10-08,진행 중,2026-09-30,2026-09-30,ecfc791762bc5d86,725,Y,,data/raw/2026-09-30/54927385.json,https://jumpit.saramin.co.kr/position/54927385
54927604,jumpit,아이벡스,Frontend Engineer(MLOps/Data플랫폼),"SW/솔루션,프론트엔드 개발자",5,11,N,,,,,2026-10-02,진행 중,2026-09-30,2026-09-30,,,N,경력 범위 밖 (최소 5년),,https://jumpit.saramin.co.kr/position/54927604
54930626,jumpit,클로봇,로봇 미들웨어 SW 개발 리더,"SW/솔루션,서버/백엔드 개발자,프론트엔드 개발자",8,12,N,,,,,2026-10-02,진행 중,2026-09-30,2026-09-30,,,N,경력 범위 밖 (최소 8년),,https://jumpit.saramin.co.kr/position/54930626
54933459,jumpit,소프트보울,[경력직] (주)소프트보울 의료 IT 사업 담당 채용,"인공지능/머신러닝,SW/솔루션,서버/백엔드 개발자,프론트엔드 개발자",5,15,N,,,,,2026-10-02,진행 중,2026-09-30,2026-09-30,,,N,경력 범위 밖 (최소 5년),,https://jumpit.saramin.co.kr/position/54933459
54934040,jumpit,네비웍스,웹 어플리케이션 개발자,"서버/백엔드 개발자,프론트엔드 개발자",1,10,N,대학교졸업(4년) 이상,"경기 안양시 동안구 부림로170번길41-18,(주)네비웍스사옥","ES6, Java, JavaScript, React, TypeScript, MSA",2026-09-03,2026-10-02,진행 중,2026-09-30,2026-09-30,35fdc7413e3cb177,1743,Y,,data/raw/2026-09-30/54934040.json,https://jumpit.saramin.co.kr/position/54934040
54940150,jumpit,누가의료기,소프트 웨어팀 직원모집,"안드로이드 개발자,iOS 개발자,서버/백엔드 개발자,HW/임베디드",2,10,N,대학교졸업(4년) 이상,강원 원주시 지래울로185,"Java, AWS",2026-09-05,2026-10-04,진행 중,2026-09-30,2026-09-30,f806cb1496c6f8e0,561,Y,,data/raw/2026-09-30/54940150.json,https://jumpit.saramin.co.kr/position/54940150
54940768,jumpit,아이벡스,광학 어플리케이션 엔지니어 (Optical Application Engineer),"서버/백엔드 개발자,프론트엔드 개발자",3,10,N,대학교졸업(4년) 이상,서울 서초구 남부순환로356길89,"C#, C++, Git, PyQt, Python, OpenCV, HALCON",2026-09-05,2026-10-04,진행 중,2026-09-30,2026-09-30,dbb5dc9ea36b44c2,4431,Y,,data/raw/2026-09-30/54940768.json,https://jumpit.saramin.co.kr/position/54940768
54940975,jumpit,리베코이앤씨,연구소 시험장비 제어ㆍ계측 엔지니어 모집 (LABVIEW),서버/백엔드 개발자,2,3,N,"대학졸업(2,3년) 이상","경기 안양시 동안구 벌말로126, 3201호 117-에이호실",labview,2026-09-06,2026-10-05,진행 중,2026-09-30,2026-09-30,7948aae48c81ef16,28,N,필수 항목 미기재 (자격요건); 본문 100자 미만,data/raw/2026-09-30/54940975.json,https://jumpit.saramin.co.kr/position/54940975
54941009,jumpit,리베코이앤씨,연구소 설계 엔지니어 모집 (CATIA),서버/백엔드 개발자,2,3,N,대학교졸업(4년) 이상,"경기 안양시 동안구 벌말로126, 3201호 117-에이호실",Indicative,2026-09-06,2026-10-05,진행 중,2026-09-30,2026-09-30,43ba388a24ce7e38,35,N,필수 항목 미기재 (자격요건); 본문 100자 미만,data/raw/2026-09-30/54941009.json,https://jumpit.saramin.co.kr/position/54941009
54941019,jumpit,리베코이앤씨,연구소 구조해석 엔지니어 모집 (ABAQUS),서버/백엔드 개발자,1,20,N,석사졸업 이상,"경기 안양시 동안구 벌말로126, 3201호 117-에이호실",ABAP,2026-09-06,2026-10-05,진행 중,2026-09-30,2026-09-30,3e4f7bd37761fc39,27,N,필수 항목 미기재 (자격요건); 본문 100자 미만,data/raw/2026-09-30/54941019.json,https://jumpit.saramin.co.kr/position/54941019
54941667,jumpit,넥서스커뮤니티,Web 개발자 채용,"웹 풀스택 개발자,개발 PM,서버/백엔드 개발자",8,15,N,,,,,2026-10-05,진행 중,2026-09-30,2026-09-30,,,N,경력 범위 밖 (최소 8년),,https://jumpit.saramin.co.kr/position/54941667
54941681,jumpit,한국네트웍스,그룹사 SAP 시스템 운영(HR모듈),"SW/솔루션,서버/백엔드 개발자",5,15,N,,,,,2026-10-05,진행 중,2026-09-30,2026-09-30,,,N,경력 범위 밖 (최소 5년),,https://jumpit.saramin.co.kr/position/54941681
54944733,jumpit,인텍에프에이,SW개발 경력사원 채용,"SW/솔루션,빅데이터 엔지니어,서버/백엔드 개발자,HW/임베디드",1,15,N,대학교졸업(4년) 이상,경기 용인시 기흥구 탑실로35번길63,"Orcad, SW, Pads",2026-09-04,2026-10-03,진행 중,2026-09-30,2026-09-30,25f2f020d6e0c2ec,977,Y,,data/raw/2026-09-30/54944733.json,https://jumpit.saramin.co.kr/position/54944733
54946377,jumpit,WATA Inc.,Unity 클라이언트 시니어 개발자,"빅데이터 엔지니어,게임 클라이언트 개발자,서버/백엔드 개발자,프론트엔드 개발자",5,20,N,,,,,2026-10-04,진행 중,2026-09-30,2026-09-30,,,N,경력 범위 밖 (최소 5년),,https://jumpit.saramin.co.kr/position/54946377
54946408,jumpit,셀틱스테크놀로지,Full-Stack Software Develope,"웹 풀스택 개발자,SW/솔루션",2,10,N,무관,"경기 용인시 처인구 금어로2, 2층 207호 및 207-1호",".NET, ASP.NET, C#, JavaScript, React, TypeScript",2026-09-05,2026-10-04,진행 중,2026-09-30,2026-09-30,b3485cbf6ce858b3,1217,Y,,data/raw/2026-09-30/54946408.json,https://jumpit.saramin.co.kr/position/54946408
54956307,jumpit,나무기술,클라우드/가상화 관리 시스템 백엔드 개발자,서버/백엔드 개발자,6,20,N,,,,,2026-10-07,진행 중,2026-09-30,2026-09-30,,,N,경력 범위 밖 (최소 6년),,https://jumpit.saramin.co.kr/position/54956307
54957918,jumpit,센트비,Backend Team Lead (Go/Java),"웹 풀스택 개발자,서버/백엔드 개발자",6,20,N,,,,,2026-10-06,진행 중,2026-09-30,2026-09-30,,,N,경력 범위 밖 (최소 6년),,https://jumpit.saramin.co.kr/position/54957918
54961864,jumpit,더스윙,백엔드 개발자 (5-10년),서버/백엔드 개발자,5,10,N,,,,,2026-10-06,진행 중,2026-09-30,2026-09-30,,,N,경력 범위 밖 (최소 5년),,https://jumpit.saramin.co.kr/position/54961864
54962013,jumpit,패스트레인,백엔드 개발자,서버/백엔드 개발자,7,13,N,,,,,2026-10-06,진행 중,2026-09-30,2026-09-30,,,N,경력 범위 밖 (최소 7년),,https://jumpit.saramin.co.kr/position/54962013
54962097,jumpit,비스텔리젼스,Full Stack Engineer (FSE),"웹 풀스택 개발자,인공지능/머신러닝",3,15,N,무관,서울 서초구 바우뫼로128,"Django, Docker, Next.js, Python, React, REST API, NoSql, AI/인공지능, Etl, MES",2026-09-07,2026-10-06,진행 중,2026-09-30,2026-09-30,2ff7a59f7019c0cd,3912,Y,,data/raw/2026-09-30/54962097.json,https://jumpit.saramin.co.kr/position/54962097
54962380,jumpit,골든플래닛,데이터 플로우 및 시스템 아키텍처 분석가 채용,"DBA,SW/솔루션,빅데이터 엔지니어,서버/백엔드 개발자",2,20,N,고등학교졸업 이상,서울 강남구 언주로535(역삼동 662-15),GCP,2026-09-08,2026-10-07,진행 중,2026-09-30,2026-09-30,1e6532d570fbfa2a,1880,Y,,data/raw/2026-09-30/54962380.json,https://jumpit.saramin.co.kr/position/54962380
54963144,jumpit,일루니,AI 애플리케이션 엔지니어 모집,"인공지능/머신러닝,SW/솔루션,devops/시스템 엔지니어,서버/백엔드 개발자",2,20,N,대학교졸업(4년) 이상,"서울 서초구 효령로31길10, 4층",AI/인공지능,2026-09-08,2026-10-07,진행 중,2026-09-30,2026-09-30,6ad616cba70dd909,2039,Y,,data/raw/2026-09-30/54963144.json,https://jumpit.saramin.co.kr/position/54963144
54964030,jumpit,하마랩,Front-End 경력사원 채용,프론트엔드 개발자,3,10,N,대학교졸업(4년) 이상,"경기 성남시 수정구 달래내로46, A동 606호, 306호","Dart, Firebase, Flutter, Git, iOS, JavaScript, TypeScript, Vue.js, vuex, REST API",2026-09-08,2026-10-07,진행 중,2026-09-30,2026-09-30,de04fa1c72d7473b,2699,Y,,data/raw/2026-09-30/54964030.json,https://jumpit.saramin.co.kr/position/54964030
54964042,jumpit,하마랩,Back-End 경력사원 채용,서버/백엔드 개발자,3,10,N,대학교졸업(4년) 이상,"경기 성남시 수정구 달래내로46, A동 606호, 306호","Git, Java, Linux, MariaDB, MySQL, QueryDSL, Spring Boot, Hibernate, REST API",2026-09-08,2026-10-07,진행 중,2026-09-30,2026-09-30,674040b7e84b5abc,1427,Y,,data/raw/2026-09-30/54964042.json,https://jumpit.saramin.co.kr/position/54964042
54973704,jumpit,지엔에이컴퍼니,Backend Engineer (Python),서버/백엔드 개발자,2,5,N,무관,서울 서초구 방배로27길8 지엔에이,"MongoDB, MySQL, Python, REST API, AWS, AZURE, FastAPI",2026-09-08,2026-10-07,진행 중,2026-09-30,2026-09-30,6d5f88bd5d6730f2,1549,Y,,data/raw/2026-09-30/54973704.json,https://jumpit.saramin.co.kr/position/54973704
54984631,jumpit,이노버스,백엔드 개발자 (3년 이상),서버/백엔드 개발자,3,20,N,대학교졸업(4년) 이상,"울산 남구 삼산로366번길10, 2층","Amazon CloudFront, Amazon RDS, Amazon SQS, Java, MQTT, MySQL, Spring Framework, AWS",2026-09-09,2026-10-08,진행 중,2026-09-30,2026-09-30,77b2bb6d7d4b726d,1395,Y,,data/raw/2026-09-30/54984631.json,https://jumpit.saramin.co.kr/position/54984631
54984641,jumpit,이네이블러,풀스택 개발자 채용,"서버/백엔드 개발자,프론트엔드 개발자",3,10,N,대학교졸업(4년) 이상,"울산 남구 신정로116번길36, 3층","C#, Docker, Java, MariaDB, Spring Boot, Vue.js, WPF, Minio",2026-09-09,2026-10-08,진행 중,2026-09-30,2026-09-30,791164b29738c822,1736,Y,,data/raw/2026-09-30/54984641.json,https://jumpit.saramin.co.kr/position/54984641
54985214,jumpit,씨메스,Vision Field Application Engineer,"웹 풀스택 개발자,서버/백엔드 개발자",1,7,N,"대학졸업(2,3년) 이상","서울 강남구 도산대로318, 7층 1, 2호, 8층 1,2호","C++, Confluence, Git, gRPC, JavaScript, Jira, Qt, OpenCV, TCP/IP",2026-09-09,2026-10-08,진행 중,2026-09-30,2026-09-30,530b75ee27bab2ef,1598,Y,,data/raw/2026-09-30/54985214.json,https://jumpit.saramin.co.kr/position/54985214
54987420,jumpit,보미오라한의원,쇼핑몰/헬스케어 서비스 개발자,"서버/백엔드 개발자,프론트엔드 개발자",3,10,N,"대학졸업(2,3년) 이상","서울 강남구 봉은사로109, 6층 산타홍의원","CSS 3, HTML5, JavaScript, Node.js, PHP",2026-09-10,2026-10-09,진행 중,2026-09-30,2026-09-30,bad937c08cf11009,597,Y,,data/raw/2026-09-30/54987420.json,https://jumpit.saramin.co.kr/position/54987420
54987961,jumpit,보스반도체,SOC RTL Design Engineer [신입/병특],"devops/시스템 엔지니어,프론트엔드 개발자",0,0,Y,대학교졸업(4년) 이상,"경기 성남시 분당구 판교로255번길24, 3층","C#, C++, Python, AI/인공지능, Blockchain, Verilog, EDA",2026-09-10,2026-10-09,진행 중,2026-09-30,2026-09-30,2601ce345b6c4c8b,1667,Y,,data/raw/2026-09-30/54987961.json,https://jumpit.saramin.co.kr/position/54987961
54987968,jumpit,보스반도체,SOC RTL Design Engineer [경력],"devops/시스템 엔지니어,프론트엔드 개발자",6,15,N,,,,,2026-10-09,진행 중,2026-09-30,2026-09-30,,,N,경력 범위 밖 (최소 6년),,https://jumpit.saramin.co.kr/position/54987968
54990868,jumpit,룰루랩,MLOps Engineer (Junior),"인공지능/머신러닝,빅데이터 엔지니어,서버/백엔드 개발자",2,10,N,무관,"서울 강남구 도산대로318, 13층 1, 2호","GitLab, Jenkins, Python, REST API, AWS",2026-09-09,2026-10-08,진행 중,2026-09-30,2026-09-30,705e524d49eebf63,1677,Y,,data/raw/2026-09-30/54990868.json,https://jumpit.saramin.co.kr/position/54990868
54991303,jumpit,비스텔리젼스,Full stack 개발자,"웹 풀스택 개발자,SW/솔루션",3,11,N,무관,서울 서초구 바우뫼로128,"Git, Jenkins, Jira, Microsoft Teams, Spring Boot, TypeScript, Vue.js, REST API, SQL, SCSS",2026-09-09,2026-10-08,진행 중,2026-09-30,2026-09-30,1ef4d864f7f11e5e,1065,Y,,data/raw/2026-09-30/54991303.json,https://jumpit.saramin.co.kr/position/54991303
54991876,jumpit,비즈톡,카카오톡 상담톡/챗봇 서비스 개발자,"서버/백엔드 개발자,프론트엔드 개발자",5,10,N,,,,,2026-10-10,진행 중,2026-09-30,2026-09-30,,,N,경력 범위 밖 (최소 5년),,https://jumpit.saramin.co.kr/position/54991876
54996575,jumpit,뮤팟,풀스택 개발자 정규직 경력 채용,"서버/백엔드 개발자,프론트엔드 개발자",3,20,N,대학교졸업(4년) 이상,"서울 송파구 송파대로44길6, 2층","Docker, Linux, MySQL, NestJS, Node.js, PostgreSQL, React, TypeScript, AWS",2026-09-10,2026-10-09,진행 중,2026-09-30,2026-09-30,f9d827a954733034,1873,Y,,data/raw/2026-09-30/54996575.json,https://jumpit.saramin.co.kr/position/54996575
55000472,jumpit,핀다,백엔드 개발자,서버/백엔드 개발자,4,8,N,,,,,2026-10-10,진행 중,2026-09-30,2026-09-30,,,N,경력 범위 밖 (최소 4년),,https://jumpit.saramin.co.kr/position/55000472
55000741,jumpit,오투플러스,Back-end 개발자,"웹 풀스택 개발자,서버/백엔드 개발자",3,10,N,대학교졸업(4년) 이상,"경기 용인시 수지구 신수로767, A동 22층 2204호","Elasticsearch, Laravel, MySQL, PHP, RabbitMQ, RDB",2026-09-13,2026-10-12,진행 중,2026-09-30,2026-09-30,5a5246133bc9e351,2842,Y,,data/raw/2026-09-30/55000741.json,https://jumpit.saramin.co.kr/position/55000741
55000748,jumpit,오투플러스,프론트엔드 개발자,프론트엔드 개발자,3,10,N,대학교졸업(4년) 이상,"경기 용인시 수지구 신수로767, A동 22층 2204호","AngularJS, Git, React, Vue.js, vuex, REST API",2026-09-13,2026-10-12,진행 중,2026-09-30,2026-09-30,220623c95e522d55,2724,Y,,data/raw/2026-09-30/55000748.json,https://jumpit.saramin.co.kr/position/55000748
55002594,jumpit,인텔리안테크놀로지스,Phased Array Antenna Design 채용 (학사↑),"기술지원,SW/솔루션,빅데이터 엔지니어,devops/시스템 엔지니어,프론트엔드 개발자,HW/임베디드",5,15,N,,,,,2026-10-09,진행 중,2026-09-30,2026-09-30,,,N,경력 범위 밖 (최소 5년),,https://jumpit.saramin.co.kr/position/55002594
55002606,jumpit,인텔리안테크놀로지스,Phased Array Antenna Design 채용 (석사↑),"기술지원,SW/솔루션,빅데이터 엔지니어,devops/시스템 엔지니어,프론트엔드 개발자,HW/임베디드",5,15,N,,,,,2026-10-09,진행 중,2026-09-30,2026-09-30,,,N,경력 범위 밖 (최소 5년),,https://jumpit.saramin.co.kr/position/55002606
55007796,jumpit,바로팜,백엔드 개발자 (Python),서버/백엔드 개발자,5,20,N,,,,,2026-10-10,진행 중,2026-09-30,2026-09-30,,,N,경력 범위 밖 (최소 5년),,https://jumpit.saramin.co.kr/position/55007796
55011246,jumpit,베스텔라랩,App(React Native) 개발자(전문연구요원가능),프론트엔드 개발자,2,10,N,"대학졸업(2,3년) 이상","경기 성남시 분당구 판교로289번길20, 2동 8층 경기스타트업캠퍼스 2호","Git, GitHub, Kotlin, Linux, PHP, Python, React, Spring Framework, Swift, AWS",2026-09-13,2026-10-12,진행 중,2026-09-30,2026-09-30,8752f515c8c5f28f,885,Y,,data/raw/2026-09-30/55011246.json,https://jumpit.saramin.co.kr/position/55011246
55013728,jumpit,와탭랩스,프론트엔드 개발자,프론트엔드 개발자,3,10,N,무관,"서울 서초구 서초대로77길17, 13층 1303호","Git, React",2026-09-11,2026-10-10,진행 중,2026-09-30,2026-09-30,5880fbd37f9610a4,2289,Y,,data/raw/2026-09-30/55013728.json,https://jumpit.saramin.co.kr/position/55013728
55013819,jumpit,와탭랩스,백엔드 개발자,서버/백엔드 개발자,3,10,N,무관,"서울 서초구 서초대로77길17, 13층 1303호","Grafana, Java, Kubernetes, Netty, Prometheus, Spring Framework, Spring Security, Spring Data JPA, NoSql",2026-09-11,2026-10-10,진행 중,2026-09-30,2026-09-30,579318d6afc5e0db,2709,Y,,data/raw/2026-09-30/55013819.json,https://jumpit.saramin.co.kr/position/55013819
55014593,jumpit,톤28,시니어 풀스택 개발자 (Senior Full-Stack Engineer),"웹 풀스택 개발자,서버/백엔드 개발자,프론트엔드 개발자",5,7,N,,,,,2026-10-13,진행 중,2026-09-30,2026-09-30,,,N,경력 범위 밖 (최소 5년),,https://jumpit.saramin.co.kr/position/55014593
55022555,jumpit,노아시스템즈,네트워크 제어/관리 시스템 개발,"devops/시스템 엔지니어,서버/백엔드 개발자",5,10,N,,,,,2026-10-14,진행 중,2026-09-30,2026-09-30,,,N,경력 범위 밖 (최소 5년),,https://jumpit.saramin.co.kr/position/55022555
55023406,jumpit,퓨쳐스콜레,Back-End Engineer,서버/백엔드 개발자,5,20,N,,,,,2026-10-13,진행 중,2026-09-30,2026-09-30,,,N,경력 범위 밖 (최소 5년),,https://jumpit.saramin.co.kr/position/55023406
55028993,jumpit,아티언스,[AX팀] AI 서비스 개발자,"인공지능/머신러닝,서버/백엔드 개발자,프론트엔드 개발자",3,5,N,"대학졸업(2,3년) 이상",서울 마포구 성지1길30,"Docker, Git, GitHub, JavaScript, Node.js, Python, REST API, AWS, GCP, AZURE",2026-09-15,2026-10-14,진행 중,2026-09-30,2026-09-30,e25482f3107ef22a,2651,Y,,data/raw/2026-09-30/55028993.json,https://jumpit.saramin.co.kr/position/55028993
55029882,jumpit,엣지크로스,AIoT 서비스 Backend Developer,"DBA,SW/솔루션,빅데이터 엔지니어,서버/백엔드 개발자,HW/임베디드",3,10,N,고등학교졸업 이상,"서울 금천구 가산디지털1로165, 1202호","Apache Flink, Docker, Java, Kafka, MQTT, Spring Framework, OLAP, REST API, AWS, Mybatis",2026-09-14,2026-10-13,진행 중,2026-09-30,2026-09-30,edf00d09f9b09b32,1415,Y,,data/raw/2026-09-30/55029882.json,https://jumpit.saramin.co.kr/position/55029882
55030047,jumpit,네오랩컨버전스,풀스택 개발자(10년 이상),"웹 풀스택 개발자,서버/백엔드 개발자",10,15,N,,,,,2026-10-13,진행 중,2026-09-30,2026-09-30,,,N,경력 범위 밖 (최소 10년),,https://jumpit.saramin.co.kr/position/55030047
55036597,jumpit,오픈소스컨설팅,웹 서비스 개발자,"기술지원,devops/시스템 엔지니어,프론트엔드 개발자",5,13,N,,,,,2026-10-15,진행 중,2026-09-30,2026-09-30,,,N,경력 범위 밖 (최소 5년),,https://jumpit.saramin.co.kr/position/55036597
55036602,jumpit,오픈소스컨설팅,WorkManagement사업부문 솔루션 개발,"기술지원,devops/시스템 엔지니어,프론트엔드 개발자",3,12,N,무관,"서울 강남구 테헤란로83길32, 5층","Git, Java, Jira, Kubernetes, Node.js, Python, React, TypeScript, OpenStack",2026-09-16,2026-10-15,진행 중,2026-09-30,2026-09-30,6db9494cde70ef55,2486,Y,,data/raw/2026-09-30/55036602.json,https://jumpit.saramin.co.kr/position/55036602
55037758,jumpit,휴먼에스,PHP 서버개발자 신입 모집,"기술지원,정보보안 담당자,프론트엔드 개발자",0,0,Y,대학교졸업(4년) 이상,"대전 유성구 테크노중앙로72, 702호","CSS 3, HTML5, JavaScript",2026-09-15,2026-10-14,진행 중,2026-09-30,2026-09-30,f433d1060002c5c5,292,Y,,data/raw/2026-09-30/55037758.json,https://jumpit.saramin.co.kr/position/55037758
55037763,jumpit,휴먼에스,PHP 서버개발자 임원급 모집,"기술지원,정보보안 담당자,프론트엔드 개발자",6,15,N,,,,,2026-10-14,진행 중,2026-09-30,2026-09-30,,,N,경력 범위 밖 (최소 6년),,https://jumpit.saramin.co.kr/position/55037763
55037773,jumpit,휴먼에스,PHP 서버개발자 경력 모집 (5년↓),"기술지원,정보보안 담당자,프론트엔드 개발자",1,5,N,대학교졸업(4년) 이상,"대전 유성구 테크노중앙로72, 702호","CSS 3, HTML5, JavaScript",2026-09-15,2026-10-14,진행 중,2026-09-30,2026-09-30,8443c4275c280e9c,292,Y,,data/raw/2026-09-30/55037773.json,https://jumpit.saramin.co.kr/position/55037773
55037783,jumpit,휴먼에스,개발PM 임원급 모집,"기술지원,정보보안 담당자,프론트엔드 개발자",10,20,N,,,,,2026-10-14,진행 중,2026-09-30,2026-09-30,,,N,경력 범위 밖 (최소 10년),,https://jumpit.saramin.co.kr/position/55037783
55037795,jumpit,휴먼에스,개발PM 신입 모집,"기술지원,정보보안 담당자,프론트엔드 개발자",0,0,Y,대학교졸업(4년) 이상,"대전 유성구 테크노중앙로72, 702호","CSS 3, HTML5, JavaScript",2026-09-15,2026-10-14,진행 중,2026-09-30,2026-09-30,864442dedcbd9105,272,Y,,data/raw/2026-09-30/55037795.json,https://jumpit.saramin.co.kr/position/55037795
55037806,jumpit,휴먼에스,개발PM 경력 모집 (5년↓),"기술지원,정보보안 담당자,프론트엔드 개발자",1,5,N,대학교졸업(4년) 이상,"대전 유성구 테크노중앙로72, 702호","CSS 3, HTML5, JavaScript",2026-09-15,2026-10-14,진행 중,2026-09-30,2026-09-30,a82b655c289a385d,272,Y,,data/raw/2026-09-30/55037806.json,https://jumpit.saramin.co.kr/position/55037806
55037952,jumpit,파이오링크,가상화 ADC 솔루션 개발자 채용,"SW/솔루션,devops/시스템 엔지니어,서버/백엔드 개발자",4,10,N,,,,,2026-10-14,진행 중,2026-09-30,2026-09-30,,,N,경력 범위 밖 (최소 4년),,https://jumpit.saramin.co.kr/position/55037952
55038011,jumpit,파이오링크,웹 방화벽 네트워크 및 클라우드 개발 경력,"정보보안 담당자,devops/시스템 엔지니어,서버/백엔드 개발자",2,20,N,"대학졸업(2,3년) 이상","서울 금천구 가산디지털2로98, 1동 401호","C, C++, Java, Linux, Python",2026-09-17,2026-10-16,진행 중,2026-09-30,2026-09-30,187a430045773fda,508,Y,,data/raw/2026-09-30/55038011.json,https://jumpit.saramin.co.kr/position/55038011
55038030,jumpit,파이오링크,어플리케이션 및 클라우드 개발,"SW/솔루션,서버/백엔드 개발자,프론트엔드 개발자",3,13,N,"대학졸업(2,3년) 이상","서울 금천구 가산디지털2로98, 1동 401호","Django, Java, Linux, Python, Spring, REST API, L7, Network",2026-09-15,2026-10-14,진행 중,2026-09-30,2026-09-30,0f4c04c6dbf1b604,453,Y,,data/raw/2026-09-30/55038030.json,https://jumpit.saramin.co.kr/position/55038030
55038894,jumpit,네비웍스,디지털트윈·XR 제품 개발 Team Lead,웹 풀스택 개발자,7,12,N,,,,,2026-10-14,진행 중,2026-09-30,2026-09-30,,,N,경력 범위 밖 (최소 7년),,https://jumpit.saramin.co.kr/position/55038894
55041249,jumpit,파이오링크,ADC 사이트 대응 개발 인력 채용,"SW/솔루션,iOS 개발자,devops/시스템 엔지니어,서버/백엔드 개발자",2,3,N,대학교졸업(4년) 이상,"서울 금천구 가산디지털2로98, 1동 401호","C, Linux, Python, TCP/IP, Switch, OpenStack, pgRouting, libvirt",2026-09-15,2026-10-14,진행 중,2026-09-30,2026-09-30,6494c46b1d01e6a1,1220,Y,,data/raw/2026-09-30/55041249.json,https://jumpit.saramin.co.kr/position/55041249
55041435,jumpit,파이오링크,AI 풀스택 엔지니어 채용,"인공지능/머신러닝,devops/시스템 엔지니어,서버/백엔드 개발자,프론트엔드 개발자,HW/임베디드",5,20,N,,,,,2026-10-14,진행 중,2026-09-30,2026-09-30,,,N,경력 범위 밖 (최소 5년),,https://jumpit.saramin.co.kr/position/55041435
55042005,jumpit,엑스페릭스,백엔드 개발자 채용,"SW/솔루션,서버/백엔드 개발자",5,15,N,,,,,2026-10-14,진행 중,2026-09-30,2026-09-30,,,N,경력 범위 밖 (최소 5년),,https://jumpit.saramin.co.kr/position/55042005
55042619,jumpit,캐치잇플레이,[AI 학습플랫폼] 백엔드 엔지니어 / Mid-Senior(재택근무가능),서버/백엔드 개발자,3,20,N,무관,"제주 제주시 첨단로330, M동 307호","MongoDB, NestJS, Node.js, PostgreSQL, TypeScript, REST API, AWS, AI/인공지능",2026-09-16,2026-10-15,진행 중,2026-09-30,2026-09-30,38bf6d28c690e6c1,7202,Y,,data/raw/2026-09-30/55042619.json,https://jumpit.saramin.co.kr/position/55042619
55042843,jumpit,서울거래,JavaScript 프론드엔드 개발자 채용,프론트엔드 개발자,3,20,N,무관,"서울 영등포구 여의대로8, A동 402호","CSS 3, Django, HTML5, Java, JavaScript, jQuery, Python, REST API, AWS",2026-09-15,2026-10-14,진행 중,2026-09-30,2026-09-30,091289191c4c1cd3,881,Y,,data/raw/2026-09-30/55042843.json,https://jumpit.saramin.co.kr/position/55042843
55042859,jumpit,서울거래,Flutter 프론트엔드 개발자 채용,프론트엔드 개발자,3,20,N,무관,"서울 영등포구 여의대로8, A동 402호","Android OS, Create React Native App, Dart, Flutter, Git, iOS, REST API, MVVM",2026-09-15,2026-10-14,진행 중,2026-09-30,2026-09-30,c9324449ded7ed89,1001,Y,,data/raw/2026-09-30/55042859.json,https://jumpit.saramin.co.kr/position/55042859
55042870,jumpit,서울거래,백엔드 시니어 개발자 채용,서버/백엔드 개발자,4,20,N,,,,,2026-10-14,진행 중,2026-09-30,2026-09-30,,,N,경력 범위 밖 (최소 4년),,https://jumpit.saramin.co.kr/position/55042870
55042969,jumpit,파이오링크,프라이빗 클라우드(HCI) 가상화 전문연구요원,"devops/시스템 엔지니어,서버/백엔드 개발자",0,0,Y,석사졸업 이상,"서울 금천구 가산디지털2로98, 1동 401호","Git, Go, Kubernetes, Linux, Python, AWS, AZURE, OpenStack",2026-09-15,2026-10-14,진행 중,2026-09-30,2026-09-30,713af5b6d42b9978,1041,Y,,data/raw/2026-09-30/55042969.json,https://jumpit.saramin.co.kr/position/55042969
55043913,jumpit,펜타시큐리티,인증보안 백엔드 개발자 (경력),서버/백엔드 개발자,5,20,N,,,,,2026-10-14,진행 중,2026-09-30,2026-09-30,,,N,경력 범위 밖 (최소 5년),,https://jumpit.saramin.co.kr/position/55043913
55044546,jumpit,비에이치에스티,자동화설비 PC제어 경력 채용,"기술지원,웹 풀스택 개발자,SW/솔루션,devops/시스템 엔지니어,서버/백엔드 개발자,HW/임베디드",2,10,N,대학교졸업(4년) 이상,충남 아산시 산동로433-31,"C, C++, SW, Mfc, PLC",2026-09-16,2026-10-15,진행 중,2026-09-30,2026-09-30,1f05f2767a8ad5ef,995,Y,,data/raw/2026-09-30/55044546.json,https://jumpit.saramin.co.kr/position/55044546
55050012,jumpit,피닉슨컨트롤스,연구개발본부 HW팀 경력사원 채용,"빅데이터 엔지니어,프론트엔드 개발자,HW/임베디드",1,10,N,고등학교졸업 이상,경기 화성시 동탄구 동탄대로21길24,"Orcad, HW, Embedded, PCB, MCU, Embedded Linux",2026-09-28,2026-10-27,진행 중,2026-09-30,2026-09-30,464c48ee6da489e2,1494,Y,,data/raw/2026-09-30/55050012.json,https://jumpit.saramin.co.kr/position/55050012
55052610,jumpit,엔클로니,HW 개발자 채용 (경력 5년~15년),"devops/시스템 엔지니어,프론트엔드 개발자,HW/임베디드",5,15,N,,,,,2026-10-15,진행 중,2026-09-30,2026-09-30,,,N,경력 범위 밖 (최소 5년),,https://jumpit.saramin.co.kr/position/55052610
55052781,jumpit,딥오토,Strategic Communication Designer,"웹 풀스택 개발자,인공지능/머신러닝",0,0,Y,대학교졸업(4년) 이상,"서울 강남구 테헤란로216, 7층","CSS 3, HTML5, JavaScript",2026-09-16,2026-10-15,진행 중,2026-09-30,2026-09-30,57180efd29049e92,1210,Y,,data/raw/2026-09-30/55052781.json,https://jumpit.saramin.co.kr/position/55052781
55055321,jumpit,델레오코리아,[플랫폼개발팀] Java 개발자,프론트엔드 개발자,5,8,N,,,,,2026-10-18,진행 중,2026-09-30,2026-09-30,,,N,경력 범위 밖 (최소 5년),,https://jumpit.saramin.co.kr/position/55055321
55055492,jumpit,코즈코리아,소프트웨어 개발자 채용,"기술지원,SW/솔루션,서버/백엔드 개발자",0,0,Y,고등학교졸업 이상,서울 동대문구 왕산로200 청량리역 롯데캐슬 SKY-L65,"Docker, Git, GitHub, JavaScript, Next.js, Node.js, PostgreSQL, React, TypeScript",2026-09-17,2026-10-16,진행 중,2026-09-30,2026-09-30,d2627c3acdfccdca,1106,Y,,data/raw/2026-09-30/55055492.json,https://jumpit.saramin.co.kr/position/55055492
55060963,jumpit,쿤텍,임베디드SW/FW개발(신입),서버/백엔드 개발자,0,0,Y,대학교졸업(4년) 이상,"경기 성남시 수정구 창업로54, 가동 609호","Python, SW, FastAPI",2026-09-17,2026-10-16,진행 중,2026-09-30,2026-09-30,0da9130ce14501a0,549,Y,,data/raw/2026-09-30/55060963.json,https://jumpit.saramin.co.kr/position/55060963
55060972,jumpit,쿤텍,임베디드SW/FW개발(경력),서버/백엔드 개발자,3,6,N,대학교졸업(4년) 이상,"경기 성남시 수정구 창업로54, 가동 609호","Python, SW, FastAPI",2026-09-17,2026-10-16,진행 중,2026-09-30,2026-09-30,61d315ec72f81733,563,Y,,data/raw/2026-09-30/55060972.json,https://jumpit.saramin.co.kr/position/55060972
55060987,jumpit,쿤텍,임베디드SW/FW개발(7↑),"SW/솔루션,서버/백엔드 개발자,HW/임베디드",7,10,N,,,,,2026-10-16,진행 중,2026-09-30,2026-09-30,,,N,경력 범위 밖 (최소 7년),,https://jumpit.saramin.co.kr/position/55060987
55062853,jumpit,인피니티익스체인지코리아,프론트엔드 개발자,프론트엔드 개발자,5,10,N,,,,,2026-10-16,진행 중,2026-09-30,2026-09-30,,,N,경력 범위 밖 (최소 5년),,https://jumpit.saramin.co.kr/position/55062853
55063731,jumpit,라닉스,펌웨어 개발자-헬스케어 관련 IoT 장비,"SW/솔루션,서버/백엔드 개발자",5,10,N,,,,,2026-10-16,진행 중,2026-09-30,2026-09-30,,,N,경력 범위 밖 (최소 5년),,https://jumpit.saramin.co.kr/position/55063731
55066302,jumpit,빅웨이브로보틱스,IT개발팀 리더 (7년 이상),"개발 PM,SW/솔루션,devops/시스템 엔지니어,서버/백엔드 개발자,프론트엔드 개발자",7,15,N,,,,,2026-10-16,진행 중,2026-09-30,2026-09-30,,,N,경력 범위 밖 (최소 7년),,https://jumpit.saramin.co.kr/position/55066302
55066388,jumpit,웨이센,Frontend 개발자,프론트엔드 개발자,0,0,Y,대학교졸업(4년) 이상,"서울 강남구 삼성로524 세화빌딩, 5층","Git, Next.js, Playwright, React, TypeScript, REST API, TailwindCSS, Zustand",2026-09-17,2026-10-16,진행 중,2026-09-30,2026-09-30,59e9901414bda2f7,1628,Y,,data/raw/2026-09-30/55066388.json,https://jumpit.saramin.co.kr/position/55066388
55066440,jumpit,이스트시큐리티,리눅스 백엔드 서버 개발자 채용,서버/백엔드 개발자,5,20,N,,,,,2026-10-16,진행 중,2026-09-30,2026-09-30,,,N,경력 범위 밖 (최소 5년),,https://jumpit.saramin.co.kr/position/55066440
55066449,jumpit,이스트시큐리티,시스템 엔지니어 경력 채용,서버/백엔드 개발자,10,20,N,,,,,2026-10-16,진행 중,2026-09-30,2026-09-30,,,N,경력 범위 밖 (최소 10년),,https://jumpit.saramin.co.kr/position/55066449
55066585,jumpit,뮤즈라이브,백엔드 엔지니어(Java/Spring),서버/백엔드 개발자,2,7,N,무관,"서울 마포구 매봉산로72, 2층","Java, MySQL, Redis, Spring Boot, AWS",2026-09-17,2026-10-16,진행 중,2026-09-30,2026-09-30,001f11325799916a,2113,Y,,data/raw/2026-09-30/55066585.json,https://jumpit.saramin.co.kr/position/55066585
55066661,jumpit,한국이에스지데이터,Software Engineer (Full-stack),"웹 풀스택 개발자,SW/솔루션",1,3,N,대학교졸업(4년) 이상,"서울 중구 퇴계로36길2, 401호, 432호","Java, JavaScript, PostgreSQL, React, Spring Boot, TypeScript, Mybatis, SQL, SW",2026-09-17,2026-10-16,진행 중,2026-09-30,2026-09-30,3ae0f935780354af,1509,Y,,data/raw/2026-09-30/55066661.json,https://jumpit.saramin.co.kr/position/55066661
55066854,jumpit,필라넷,.NET 풀스택 개발자 채용,"웹 풀스택 개발자,SW/솔루션,서버/백엔드 개발자,프론트엔드 개발자",7,15,N,,,,,2026-10-17,진행 중,2026-09-30,2026-09-30,,,N,경력 범위 밖 (최소 7년),,https://jumpit.saramin.co.kr/position/55066854
55071967,jumpit,넥서스커뮤니티,CTI 아웃바운드 개발자 채용,"devops/시스템 엔지니어,서버/백엔드 개발자",7,15,N,,,,,2026-10-20,진행 중,2026-09-30,2026-09-30,,,N,경력 범위 밖 (최소 7년),,https://jumpit.saramin.co.kr/position/55071967
55073531,jumpit,프라이빗테크놀로지,TA(기술 아키텍트),"기술지원,정보보안 담당자,devops/시스템 엔지니어,서버/백엔드 개발자",5,20,N,,,,,2026-10-17,진행 중,2026-09-30,2026-09-30,,,N,경력 범위 밖 (최소 5년),,https://jumpit.saramin.co.kr/position/55073531
55075750,jumpit,티엔에이치,백엔드 개발자 (경력),서버/백엔드 개발자,3,5,N,대학교졸업(4년) 이상,"경기 성남시 분당구 성남대로779번길18, 4,5층","Amazon EMR, Cassandra, Docker, Git, JavaScript, Jira, Node.js, PostgreSQL, TypeScript, SQL",2026-09-18,2026-10-17,진행 중,2026-09-30,2026-09-30,81bf94be8b829e75,1691,Y,,data/raw/2026-09-30/55075750.json,https://jumpit.saramin.co.kr/position/55075750
55075779,jumpit,티엔에이치,백엔드 개발자 (신입),서버/백엔드 개발자,0,0,Y,대학교졸업(4년) 이상,"경기 성남시 분당구 성남대로779번길18, 4,5층","Amazon EMR, Docker, Git, JavaScript, Jira, Node.js, PostgreSQL, TypeScript, SQL",2026-09-20,2026-10-19,진행 중,2026-09-30,2026-09-30,6ed515cbe61ba92a,1545,Y,,data/raw/2026-09-30/55075779.json,https://jumpit.saramin.co.kr/position/55075779
55076688,jumpit,비에이치에스티,자동화설비 PC제어 신입 채용,"기술지원,웹 풀스택 개발자,SW/솔루션,devops/시스템 엔지니어,서버/백엔드 개발자,HW/임베디드",0,0,Y,대학교졸업(4년) 이상,충남 아산시 산동로433-31,"C, C++, SW, Mfc, PLC",2026-09-18,2026-10-17,진행 중,2026-09-30,2026-09-30,9c2dc87425ff0185,982,Y,,data/raw/2026-09-30/55076688.json,https://jumpit.saramin.co.kr/position/55076688
55076844,jumpit,채비,제품개발실 실장 채용,"기술지원,프론트엔드 개발자,HW/임베디드",10,20,N,,,,,2026-10-19,진행 중,2026-09-30,2026-09-30,,,N,경력 범위 밖 (최소 10년),,https://jumpit.saramin.co.kr/position/55076844
55077286,jumpit,인피니티익스체인지코리아,백엔드 개발자,서버/백엔드 개발자,8,10,N,,,,,2026-10-18,진행 중,2026-09-30,2026-09-30,,,N,경력 범위 밖 (최소 8년),,https://jumpit.saramin.co.kr/position/55077286
55077457,jumpit,텐빌리언,백엔드 경력 채용 (10년 이상),서버/백엔드 개발자,10,15,N,,,,,2026-10-17,진행 중,2026-09-30,2026-09-30,,,N,경력 범위 밖 (최소 10년),,https://jumpit.saramin.co.kr/position/55077457
55077473,jumpit,텐빌리언,백엔드 경력 채용 (6~9년),서버/백엔드 개발자,6,9,N,,,,,2026-10-17,진행 중,2026-09-30,2026-09-30,,,N,경력 범위 밖 (최소 6년),,https://jumpit.saramin.co.kr/position/55077473
55077484,jumpit,텐빌리언,백엔드 경력 채용 (2~5년),서버/백엔드 개발자,2,5,N,대학교졸업(4년) 이상,서울 구로구 구로동 1127-26,"Git, Spring Boot, DB",2026-09-18,2026-10-17,진행 중,2026-09-30,2026-09-30,c3d4890ba3fd4f63,394,Y,,data/raw/2026-09-30/55077484.json,https://jumpit.saramin.co.kr/position/55077484
55077506,jumpit,텐빌리언,프론트엔드 개발 경력 (10년 이상),프론트엔드 개발자,10,13,N,,,,,2026-10-17,진행 중,2026-09-30,2026-09-30,,,N,경력 범위 밖 (최소 10년),,https://jumpit.saramin.co.kr/position/55077506
55077519,jumpit,텐빌리언,프론트엔드 개발 경력 (6~9년),프론트엔드 개발자,6,9,N,,,,,2026-10-17,진행 중,2026-09-30,2026-09-30,,,N,경력 범위 밖 (최소 6년),,https://jumpit.saramin.co.kr/position/55077519
55077540,jumpit,텐빌리언,프론트엔드 개발 경력 (2~5년),프론트엔드 개발자,2,5,N,대학교졸업(4년) 이상,서울 구로구 구로동 1127-26,"HTML5, JavaScript",2026-09-18,2026-10-17,진행 중,2026-09-30,2026-09-30,3e247870a1bcd990,334,Y,,data/raw/2026-09-30/55077540.json,https://jumpit.saramin.co.kr/position/55077540
55087302,jumpit,스패이드,GeoAI Platform Backend Engineer,"DBA,인공지능/머신러닝,devops/시스템 엔지니어,서버/백엔드 개발자",4,10,N,,,,,2026-10-20,진행 중,2026-09-30,2026-09-30,,,N,경력 범위 밖 (최소 4년),,https://jumpit.saramin.co.kr/position/55087302
55088714,jumpit,인젠트,EDM 솔루션 기반 프로젝트 수행 개발,"DBA,서버/백엔드 개발자",5,20,N,,,,,2026-10-22,진행 중,2026-09-30,2026-09-30,,,N,경력 범위 밖 (최소 5년),,https://jumpit.saramin.co.kr/position/55088714
55088797,jumpit,인젠트,JAVA개발자(연계개발),"DBA,서버/백엔드 개발자",3,15,N,대학교졸업(4년) 이상,"서울 영등포구 국제금융로2길36, 8층. 9층","Git, Java, Spring, Hibernate, Jackson",2026-09-21,2026-10-20,진행 중,2026-09-30,2026-09-30,0a4f31ce9fa0aab4,1698,Y,,data/raw/2026-09-30/55088797.json,https://jumpit.saramin.co.kr/position/55088797
55090630,jumpit,드림어스컴퍼니,콘텐츠 플랫폼 백엔드 개발(3년 이상),"DBA,서버/백엔드 개발자",3,20,N,무관,서울 강남구 테헤란로14길16,"Docker, Elasticsearch, Java, Kafka, Kotlin, MongoDB, MySQL, RabbitMQ, Zookeeper, Golang",2026-09-23,2026-10-22,진행 중,2026-09-30,2026-09-30,7414d51cbdfae9df,4352,Y,,data/raw/2026-09-30/55090630.json,https://jumpit.saramin.co.kr/position/55090630
55090653,jumpit,드림어스컴퍼니,음악 서비스 백엔드 서버 개발자 채용,"DBA,devops/시스템 엔지니어,서버/백엔드 개발자",3,8,N,무관,서울 강남구 테헤란로14길16,"Java, Kafka, Kotlin, Spring Boot, AWS, NoSql, SQL",2026-09-23,2026-10-22,진행 중,2026-09-30,2026-09-30,eb11e8389de5e752,4083,Y,,data/raw/2026-09-30/55090653.json,https://jumpit.saramin.co.kr/position/55090653
55090664,jumpit,드림어스컴퍼니,콘텐츠 플랫폼 백엔드 개발(신입),"DBA,devops/시스템 엔지니어,서버/백엔드 개발자",0,0,Y,무관,서울 강남구 테헤란로14길16,"Elasticsearch, Java, Kafka, Kotlin, MongoDB, MySQL, RabbitMQ, Golang, FFMPEG",2026-09-23,2026-10-22,진행 중,2026-09-30,2026-09-30,8eb43f2850009e56,3135,Y,,data/raw/2026-09-30/55090664.json,https://jumpit.saramin.co.kr/position/55090664
55091912,jumpit,인텍에프에이,임베디드 소프트웨어 개발 [BSW],"SW/솔루션,빅데이터 엔지니어,서버/백엔드 개발자,HW/임베디드",1,15,N,무관,경기 용인시 기흥구 탑실로35번길63,"SW, MCU",2026-09-21,2026-10-20,진행 중,2026-09-30,2026-09-30,585f92f23b5037a3,1139,Y,,data/raw/2026-09-30/55091912.json,https://jumpit.saramin.co.kr/position/55091912
55092119,jumpit,스포카,백엔드 프로그래머(3~10년),"devops/시스템 엔지니어,서버/백엔드 개발자",3,10,N,무관,"서울 강남구 테헤란로82길14, 6층","GraphQL, Java, Kotlin, Kubernetes, PostgreSQL, Python, Spring, AWS, NoSql, RDB",2026-09-21,2026-10-20,진행 중,2026-09-30,2026-09-30,c9c7a150add475a3,1554,Y,,data/raw/2026-09-30/55092119.json,https://jumpit.saramin.co.kr/position/55092119
55092150,jumpit,플라잎,Forward Deployed Robotics Engineer,"SW/솔루션,서버/백엔드 개발자",1,10,N,대학교졸업(4년) 이상,"경기 성남시 분당구 정자일로239 아이파크분당 102동 801호 (정자동, 아이파크분당)","C++, Python, ROS, PLC",2026-09-21,2026-10-20,진행 중,2026-09-30,2026-09-30,566f7e4ec7bf57de,5062,Y,,data/raw/2026-09-30/55092150.json,https://jumpit.saramin.co.kr/position/55092150
55092344,jumpit,올거나이즈코리아,AI Native Back-end Engineer,서버/백엔드 개발자,3,20,N,무관,"서울 강남구 테헤란로20길5, 4층, 5층","Kubernetes, AI/인공지능, Django, Node.js, Spring Boot, FastAPI, Backendless",2026-09-22,2026-10-21,진행 중,2026-09-30,2026-09-30,9a7458eb0008b579,2878,Y,,data/raw/2026-09-30/55092344.json,https://jumpit.saramin.co.kr/position/55092344
55097723,jumpit,에스피코리아,게임 개발자(1~3년),"게임 클라이언트 개발자,서버/백엔드 개발자,게임 서버 개발자",1,3,N,고등학교졸업 이상,"부산 해운대구 센텀동로45, 1층","Java, MariaDB, MySQL, NGINX, Node.js, Swift, Unity, Unreal Engine, AWS, AZURE",2026-09-24,2026-10-23,진행 중,2026-09-30,2026-09-30,379f327fa454c848,516,Y,,data/raw/2026-09-30/55097723.json,https://jumpit.saramin.co.kr/position/55097723
55097725,jumpit,에스피코리아,게임 개발자(4~6년),"게임 클라이언트 개발자,서버/백엔드 개발자,게임 서버 개발자",4,6,N,,,,,2026-10-23,진행 중,2026-09-30,2026-09-30,,,N,경력 범위 밖 (최소 4년),,https://jumpit.saramin.co.kr/position/55097725
55097730,jumpit,에스피코리아,게임 개발자(7년 이상),"게임 클라이언트 개발자,서버/백엔드 개발자,게임 서버 개발자",6,10,N,,,,,2026-10-23,진행 중,2026-09-30,2026-09-30,,,N,경력 범위 밖 (최소 6년),,https://jumpit.saramin.co.kr/position/55097730
55097733,jumpit,에스피코리아,백엔드 개발자(1~3년),서버/백엔드 개발자,1,3,N,고등학교졸업 이상,"부산 해운대구 센텀동로45, 1층","AWS CloudFormation, Java, Jenkins, Kotlin, MySQL, NGINX, Node.js, Vue.js, AWS, AZURE",2026-09-24,2026-10-23,진행 중,2026-09-30,2026-09-30,62d950436fc3ec6d,566,Y,,data/raw/2026-09-30/55097733.json,https://jumpit.saramin.co.kr/position/55097733
55097739,jumpit,에스피코리아,백엔드 개발자(4~6년),서버/백엔드 개발자,4,6,N,,,,,2026-10-23,진행 중,2026-09-30,2026-09-30,,,N,경력 범위 밖 (최소 4년),,https://jumpit.saramin.co.kr/position/55097739
55097742,jumpit,에스피코리아,백엔드 개발자(7년 이상),서버/백엔드 개발자,7,10,N,,,,,2026-10-23,진행 중,2026-09-30,2026-09-30,,,N,경력 범위 밖 (최소 7년),,https://jumpit.saramin.co.kr/position/55097742
55100008,jumpit,씨앤유글로벌,백엔드 개발자 채용(5~10년),서버/백엔드 개발자,5,10,N,,,,,2026-10-22,진행 중,2026-09-30,2026-09-30,,,N,경력 범위 밖 (최소 5년),,https://jumpit.saramin.co.kr/position/55100008
55100024,jumpit,씨앤유글로벌,백엔드 개발자 채용(10년이상),서버/백엔드 개발자,11,20,N,,,,,2026-10-22,진행 중,2026-09-30,2026-09-30,,,N,경력 범위 밖 (최소 11년),,https://jumpit.saramin.co.kr/position/55100024
55102282,jumpit,메타넷글로벌,SI Project PM,"웹 풀스택 개발자,서버/백엔드 개발자",12,20,N,,,,,2026-10-21,진행 중,2026-09-30,2026-09-30,,,N,경력 범위 밖 (최소 12년),,https://jumpit.saramin.co.kr/position/55102282
55102335,jumpit,메타넷글로벌,개발PL (분석/설계/개발),"웹 풀스택 개발자,서버/백엔드 개발자",7,15,N,,,,,2026-10-21,진행 중,2026-09-30,2026-09-30,,,N,경력 범위 밖 (최소 7년),,https://jumpit.saramin.co.kr/position/55102335
55102356,jumpit,메타넷글로벌,Fullstack Developer /ITO 운영,서버/백엔드 개발자,1,10,N,무관,"서울 강남구 테헤란로134, 9층","Confluence, Java, Jira, Spring Boot, Vue.js, REST API, JSP",2026-09-22,2026-10-21,진행 중,2026-09-30,2026-09-30,456a153145d8c6bf,1605,Y,,data/raw/2026-09-30/55102356.json,https://jumpit.saramin.co.kr/position/55102356
55102495,jumpit,코어시큐리티,사이버보안 시니어 풀스택,"웹 풀스택 개발자,정보보안 담당자,devops/시스템 엔지니어,서버/백엔드 개발자",5,20,N,,,,,2026-10-21,진행 중,2026-09-30,2026-09-30,,,N,경력 범위 밖 (최소 5년),,https://jumpit.saramin.co.kr/position/55102495
55102548,jumpit,코어시큐리티,금융범죄 AI 풀스택 개발자,"웹 풀스택 개발자,정보보안 담당자,인공지능/머신러닝,빅데이터 엔지니어,블록체인,서버/백엔드 개발자",2,20,N,"대학졸업(2,3년) 이상","서울 송파구 법원로8길9, 10층","Django, Elasticsearch, Flask, MySQL, PostgreSQL, Python, PyTorch, Redis, TensorFlow, FastAPI",2026-09-22,2026-10-21,진행 중,2026-09-30,2026-09-30,0172699a7f4f451a,1716,Y,,data/raw/2026-09-30/55102548.json,https://jumpit.saramin.co.kr/position/55102548
55102593,jumpit,코어시큐리티,보안기술연구 담당자 채용,"정보보안 담당자,devops/시스템 엔지니어,서버/백엔드 개발자",5,10,N,,,,,2026-10-21,진행 중,2026-09-30,2026-09-30,,,N,경력 범위 밖 (최소 5년),,https://jumpit.saramin.co.kr/position/55102593
55104895,jumpit,아인잡,자사 HR Platform 서비스 개발팀장,서버/백엔드 개발자,5,15,N,,,,,2026-10-24,진행 중,2026-09-30,2026-09-30,,,N,경력 범위 밖 (최소 5년),,https://jumpit.saramin.co.kr/position/55104895
55104899,jumpit,아인잡,프론트엔드 개발자 (경력),프론트엔드 개발자,3,10,N,대학교졸업(4년) 이상,"서울 강남구 강남대로310, 1701호","CSS 3, GitHub, Jira, Next.js, React, Slack, TypeScript, Webpack, Notion",2026-09-25,2026-10-24,진행 중,2026-09-30,2026-09-30,3a5ae05bb9226202,2191,Y,,data/raw/2026-09-30/55104899.json,https://jumpit.saramin.co.kr/position/55104899
55104904,jumpit,아인잡,백엔드 개발자 (경력),서버/백엔드 개발자,3,10,N,대학교졸업(4년) 이상,"서울 강남구 강남대로310, 1701호","GitHub, Java, MongoDB, MySQL, Redis, Slack, Spring Boot, AWS",2026-09-25,2026-10-24,진행 중,2026-09-30,2026-09-30,667244a5d0a4f31d,1972,Y,,data/raw/2026-09-30/55104904.json,https://jumpit.saramin.co.kr/position/55104904
55109618,jumpit,혜움,Backend Engineer(7년+),서버/백엔드 개발자,7,20,N,,,,,2026-10-22,진행 중,2026-09-30,2026-09-30,,,N,경력 범위 밖 (최소 7년),,https://jumpit.saramin.co.kr/position/55109618
55110886,jumpit,폴라리스쓰리디,이리온 설치 플랫폼 풀스택 개발자,웹 풀스택 개발자,8,20,N,,,,,2026-10-22,진행 중,2026-09-30,2026-09-30,,,N,경력 범위 밖 (최소 8년),,https://jumpit.saramin.co.kr/position/55110886
55111043,jumpit,하마랩,AI 영상 분석 백엔드 엔지니어,"인공지능/머신러닝,서버/백엔드 개발자",1,10,N,대학교졸업(4년) 이상,"경기 성남시 수정구 달래내로46, A동 606호, 306호","Docker, Python, OpenCV, AI/인공지능, CUDA, Embedded Linux, FFMPEG, yolo",2026-09-24,2026-10-23,진행 중,2026-09-30,2026-09-30,edd543861cc2a510,1186,Y,,data/raw/2026-09-30/55111043.json,https://jumpit.saramin.co.kr/position/55111043
55111052,jumpit,옵토전자,WLO 공정/제조기술 경력 채용,서버/백엔드 개발자,5,15,N,,,,,2026-10-22,진행 중,2026-09-30,2026-09-30,,,N,경력 범위 밖 (최소 5년),,https://jumpit.saramin.co.kr/position/55111052
55113827,jumpit,지피에이코리아,개발팀 팀장,"웹 풀스택 개발자,SW/솔루션,devops/시스템 엔지니어,서버/백엔드 개발자,프론트엔드 개발자",5,10,N,,,,,2026-10-22,진행 중,2026-09-30,2026-09-30,,,N,경력 범위 밖 (최소 5년),,https://jumpit.saramin.co.kr/position/55113827
55113858,jumpit,지피에이코리아,풀스택 중급 개발자,웹 풀스택 개발자,3,6,N,무관,"서울 강남구 삼성로96길14, 10층","Amazon EC2, Amazon RDS, Android OS, Flutter, iOS, Java, Kotlin, Objective-C, Swift, AWS",2026-09-23,2026-10-22,진행 중,2026-09-30,2026-09-30,b7b5688e702a418c,612,Y,,data/raw/2026-09-30/55113858.json,https://jumpit.saramin.co.kr/position/55113858
55113893,jumpit,지피에이코리아,풀스택 고급 개발자,웹 풀스택 개발자,7,10,N,,,,,2026-10-22,진행 중,2026-09-30,2026-09-30,,,N,경력 범위 밖 (최소 7년),,https://jumpit.saramin.co.kr/position/55113893
55113928,jumpit,지피에이코리아,풀스택 개발 팀장,웹 풀스택 개발자,7,10,N,,,,,2026-10-22,진행 중,2026-09-30,2026-09-30,,,N,경력 범위 밖 (최소 7년),,https://jumpit.saramin.co.kr/position/55113928
55113960,jumpit,지피에이코리아,개발팀 경력직 (고급),"웹 풀스택 개발자,SW/솔루션,devops/시스템 엔지니어,서버/백엔드 개발자,프론트엔드 개발자",4,6,N,,,,,2026-10-22,진행 중,2026-09-30,2026-09-30,,,N,경력 범위 밖 (최소 4년),,https://jumpit.saramin.co.kr/position/55113960
55113981,jumpit,지피에이코리아,개발팀 경력직 (중급),"웹 풀스택 개발자,SW/솔루션,devops/시스템 엔지니어,서버/백엔드 개발자,프론트엔드 개발자",1,3,N,대학교졸업(4년) 이상,"서울 강남구 삼성로96길14, 10층","Amazon EC2, Android OS, Flutter, iOS, Java, JavaScript, Kotlin, Node.js, Objective-C, AWS",2026-09-23,2026-10-22,진행 중,2026-09-30,2026-09-30,be8b9df7a32f3381,1370,Y,,data/raw/2026-09-30/55113981.json,https://jumpit.saramin.co.kr/position/55113981
55114209,jumpit,아이디에스앤트러스트,AI Agent Platform Engineer 채용,서버/백엔드 개발자,3,20,N,대학교졸업(4년) 이상,"서울 강남구 봉은사로644, 3층","Markdown, Node.js, PM2, Python, Slack, REST API, AI/인공지능, Cloud AI Platform Pipelines",2026-09-26,2026-10-25,진행 중,2026-09-30,2026-09-30,c744305a95a44913,1884,Y,,data/raw/2026-09-30/55114209.json,https://jumpit.saramin.co.kr/position/55114209
55115125,jumpit,데이터드리븐,풀스택 제품 개발자(3년 이상),웹 풀스택 개발자,3,10,N,무관,서울 관악구 봉천로456 영인 MC 7층,"Django, Docker, Kubernetes, PostgreSQL, React, Redis, TypeScript, SQL",2026-09-23,2026-10-22,진행 중,2026-09-30,2026-09-30,3fc4b06ae4085dc0,3180,Y,,data/raw/2026-09-30/55115125.json,https://jumpit.saramin.co.kr/position/55115125
55115268,jumpit,스토어링크,백엔드 개발자 채용 (3년 이상),서버/백엔드 개발자,3,5,N,무관,서울 중구 중림로49 실로암빌딩,"Gradle, IntelliJ IDEA, Java, Kotlin, MySQL, Spring Boot, Spring Framework, REST API, RDB",2026-09-23,2026-10-22,진행 중,2026-09-30,2026-09-30,be3f1de8e0af19c4,2646,Y,,data/raw/2026-09-30/55115268.json,https://jumpit.saramin.co.kr/position/55115268
55115538,jumpit,코그넥스코리아,AI Product Back-end Engineer,"인공지능/머신러닝,SW/솔루션,서버/백엔드 개발자",7,20,N,,,,,2026-10-25,진행 중,2026-09-30,2026-09-30,,,N,경력 범위 밖 (최소 7년),,https://jumpit.saramin.co.kr/position/55115538
55115564,jumpit,와이톤,백엔드 개발자 채용,서버/백엔드 개발자,2,7,N,"대학졸업(2,3년) 이상","서울 강남구 선릉로131길9, 2층, 3층, 10층","Git, Jira, MySQL, Python, Spring, TypeScript, AWS",2026-09-23,2026-10-22,진행 중,2026-09-30,2026-09-30,4091831006d1ec53,2380,Y,,data/raw/2026-09-30/55115564.json,https://jumpit.saramin.co.kr/position/55115564
55125243,jumpit,티투엘,중급 백엔드 개발자 (5~7년),서버/백엔드 개발자,5,7,N,,,,,2026-10-27,진행 중,2026-09-30,2026-09-30,,,N,경력 범위 밖 (최소 5년),,https://jumpit.saramin.co.kr/position/55125243
55125256,jumpit,티투엘,중급 백엔드 개발자 (8~10년),서버/백엔드 개발자,8,10,N,,,,,2026-10-27,진행 중,2026-09-30,2026-09-30,,,N,경력 범위 밖 (최소 8년),,https://jumpit.saramin.co.kr/position/55125256
55125278,jumpit,티투엘,고급 백엔드 설계 개발자(10~12년),서버/백엔드 개발자,10,12,N,,,,,2026-10-27,진행 중,2026-09-30,2026-09-30,,,N,경력 범위 밖 (최소 10년),,https://jumpit.saramin.co.kr/position/55125278
55125293,jumpit,티투엘,고급 백엔드 설계 개발자(13~15년),서버/백엔드 개발자,13,15,N,,,,,2026-10-27,진행 중,2026-09-30,2026-09-30,,,N,경력 범위 밖 (최소 13년),,https://jumpit.saramin.co.kr/position/55125293
55125298,jumpit,티투엘,고급 백엔드 설계 개발자(16~18년),서버/백엔드 개발자,16,18,N,,,,,2026-10-27,진행 중,2026-09-30,2026-09-30,,,N,경력 범위 밖 (최소 16년),,https://jumpit.saramin.co.kr/position/55125298
55125573,jumpit,에이아이콴텍,로보어드바이저 IRP 시스템 개발/운영,"웹 풀스택 개발자,devops/시스템 엔지니어",3,20,N,"대학졸업(2,3년) 이상","서울 영등포구 은행로11, 7층","Java, MariaDB, React, Spring Batch, Spring Boot",2026-09-29,2026-10-28,진행 중,2026-09-30,2026-09-30,e17296764438bb4e,860,Y,,data/raw/2026-09-30/55125573.json,https://jumpit.saramin.co.kr/position/55125573
55128842,jumpit,엔클로니,멀티카메라 영상처리 시스템 개발자 채용,"인공지능/머신러닝,SW/솔루션,프론트엔드 개발자",5,15,N,,,,,2026-10-27,진행 중,2026-09-30,2026-09-30,,,N,경력 범위 밖 (최소 5년),,https://jumpit.saramin.co.kr/position/55128842
55136399,jumpit,엘아이지시스템,TA(Techical Achitect) 경력(3~5),"정보보안 담당자,devops/시스템 엔지니어,서버/백엔드 개발자",3,5,N,대학교졸업(4년) 이상,"서울 용산구 한남대로 98 5층(한남동, 일신빌딩)","Linux, Windows, Utm",2026-09-29,2026-10-28,진행 중,2026-09-30,2026-09-30,a61c06c6f341ad4a,1104,Y,,data/raw/2026-09-30/55136399.json,https://jumpit.saramin.co.kr/position/55136399
55136419,jumpit,엘아이지시스템,TA(Techical Achitect) 경력(6~8),"정보보안 담당자,devops/시스템 엔지니어,서버/백엔드 개발자",6,8,N,,,,,2026-10-28,진행 중,2026-09-30,2026-09-30,,,N,경력 범위 밖 (최소 6년),,https://jumpit.saramin.co.kr/position/55136419
55136449,jumpit,엘아이지시스템,TA(Techical Achitect) 경력(9~11),"정보보안 담당자,devops/시스템 엔지니어,서버/백엔드 개발자",9,11,N,,,,,2026-10-28,진행 중,2026-09-30,2026-09-30,,,N,경력 범위 밖 (최소 9년),,https://jumpit.saramin.co.kr/position/55136449
55136480,jumpit,엘아이지시스템,TA(Techical Achitect) 경력(12),"정보보안 담당자,devops/시스템 엔지니어,서버/백엔드 개발자",8,8,N,,,,,2026-10-28,진행 중,2026-09-30,2026-09-30,,,N,경력 범위 밖 (최소 8년),,https://jumpit.saramin.co.kr/position/55136480
55136771,jumpit,학교종이,프론트엔드 개발자 (경력),프론트엔드 개발자,2,3,N,무관,"세종 한누리대로1966, 301호 302호","Angular 2, Angular CLI, AngularJS, Electron, Firebase, RxJS, TypeScript, TailwindCSS, Capacitor",2026-09-26,2026-10-25,진행 중,2026-09-30,2026-09-30,a0e0a4751a8b63f1,1294,Y,,data/raw/2026-09-30/55136771.json,https://jumpit.saramin.co.kr/position/55136771
55142002,jumpit,노아시스템즈,네트워크 트래픽 관제 시스템 개발,"devops/시스템 엔지니어,서버/백엔드 개발자",5,10,N,,,,,2026-10-29,진행 중,2026-09-30,2026-09-30,,,N,경력 범위 밖 (최소 5년),,https://jumpit.saramin.co.kr/position/55142002
55142755,jumpit,부스터스,Forward Deployed Engineer (FDE),"웹 풀스택 개발자,서버/백엔드 개발자",7,15,N,,,,,2026-10-28,진행 중,2026-09-30,2026-09-30,,,N,경력 범위 밖 (최소 7년),,https://jumpit.saramin.co.kr/position/55142755
55145675,jumpit,진이어스,백엔드 개발자 채용,서버/백엔드 개발자,7,15,N,,,,,2026-10-28,진행 중,2026-09-30,2026-09-30,,,N,경력 범위 밖 (최소 7년),,https://jumpit.saramin.co.kr/position/55145675
55146536,jumpit,러닝포인트,풀스텍 개발자-경력,서버/백엔드 개발자,1,3,N,대학교졸업(4년) 이상,"서울 금천구 가산디지털1로205-15, 1007동 1008호","ExpressJS, JavaScript, MySQL, Next.js, Node.js, React, Redis, TypeScript, TailwindCSS",2026-09-29,2026-10-28,진행 중,2026-09-30,2026-09-30,3c6e8d6389f2a941,1522,Y,,data/raw/2026-09-30/55146536.json,https://jumpit.saramin.co.kr/position/55146536
55148403,jumpit,러닝포인트,풀스텍 개발자-신입,서버/백엔드 개발자,0,0,Y,대학교졸업(4년) 이상,"서울 금천구 가산디지털1로205-15, 1007동 1008호","ExpressJS, JavaScript, MySQL, Next.js, Node.js, React, Redis, TypeScript, TailwindCSS",2026-09-29,2026-10-28,진행 중,2026-09-30,2026-09-30,dce1eda3139796a2,1522,Y,,data/raw/2026-09-30/55148403.json,https://jumpit.saramin.co.kr/position/55148403
55149737,jumpit,인젠트,정보지원팀 iBiz Java 개발자 채용,프론트엔드 개발자,3,7,N,대학교졸업(4년) 이상,"서울 영등포구 국제금융로2길36, 8층. 9층","Java, jQuery, JSTL, Spring, Spring Boot, XML, Hibernate, Spring Security, Mybatis, Java 8",2026-09-29,2026-10-28,진행 중,2026-09-30,2026-09-30,52a69f57acdc131c,2407,Y,,data/raw/2026-09-30/55149737.json,https://jumpit.saramin.co.kr/position/55149737
55150792,jumpit,시스콘,백엔드 개발(웹) 채용,서버/백엔드 개발자,3,20,N,대학교졸업(4년) 이상,경기 성남시 수정구 금토로61 8층,"C++, Git, GitHub, Java, JavaScript, Linux",2026-09-29,2026-10-28,진행 중,2026-09-30,2026-09-30,f46bafb89698947c,933,Y,,data/raw/2026-09-30/55150792.json,https://jumpit.saramin.co.kr/position/55150792
55150820,jumpit,반프,풀스텍 개발자(FullStack),"웹 풀스택 개발자,서버/백엔드 개발자",5,20,N,,,,,2026-10-29,진행 중,2026-09-30,2026-09-30,,,N,경력 범위 밖 (최소 5년),,https://jumpit.saramin.co.kr/position/55150820
55150830,jumpit,반프,풀스텍 개발자(FullStack) 전문연구요원,"웹 풀스택 개발자,서버/백엔드 개발자",1,20,N,대학교졸업(4년) 이상,"서울 강남구 역삼로175, 4층",".NET, Docker, JavaScript, TypeScript, REST API, AI/인공지능, SQL, GCP",2026-09-30,2026-10-29,진행 중,2026-09-30,2026-09-30,32ba144d40550050,942,Y,,data/raw/2026-09-30/55150830.json,https://jumpit.saramin.co.kr/position/55150830
55158682,jumpit,미디어로그,SM/SI 개발,서버/백엔드 개발자,10,14,N,,,,,2026-10-29,진행 중,2026-09-30,2026-09-30,,,N,경력 범위 밖 (최소 10년),,https://jumpit.saramin.co.kr/position/55158682
55159154,jumpit,건강누리,웹 개발자 채용[신입],"서버/백엔드 개발자,프론트엔드 개발자",0,0,Y,대학교졸업(4년) 이상,"서울 영등포구 가마산로48길16, 101호","HTML5, JavaScript, Uniform CSS",2026-09-30,2026-10-29,진행 중,2026-09-30,2026-09-30,e219231d3aeca783,273,Y,,data/raw/2026-09-30/55159154.json,https://jumpit.saramin.co.kr/position/55159154
55159168,jumpit,건강누리,웹 개발자 채용[대리],"서버/백엔드 개발자,프론트엔드 개발자",1,5,N,대학교졸업(4년) 이상,"서울 영등포구 가마산로48길16, 101호","HTML5, JavaScript, Uniform CSS",2026-09-30,2026-10-29,진행 중,2026-09-30,2026-09-30,74f36e9b57bad5d4,283,Y,,data/raw/2026-09-30/55159168.json,https://jumpit.saramin.co.kr/position/55159168
55159176,jumpit,건강누리,웹 개발자 채용[과장],"서버/백엔드 개발자,프론트엔드 개발자",6,12,N,,,,,2026-10-29,진행 중,2026-09-30,2026-09-30,,,N,경력 범위 밖 (최소 6년),,https://jumpit.saramin.co.kr/position/55159176
